{
  "timestamp": "2025-10-19T15:49:42.285374",
  "summary": {
    "best_overall": {
      "Retriever": "Multi-Query",
      "Faithfulness": 0.5417308543601647,
      "Answer Relevancy": 0.746031746031746,
      "Context Precision": 1.0,
      "Context Recall": 0.8058823529411765,
      "Answer Correctness": 0.6470588235294117,
      "Avg Latency (s)": 14.95348596572876,
      "Avg Docs Retrieved": 45.5,
      "Cost Level": "Medium",
      "Weighted Score": 0.7478230030391542
    },
    "fastest": {
      "Retriever": "BM25",
      "Faithfulness": 0.5345244785607117,
      "Answer Relevancy": 0.873015873015873,
      "Context Precision": 1.0,
      "Context Recall": 0.7176470588235295,
      "Answer Correctness": 0.5,
      "Avg Latency (s)": 9.468610644340515,
      "Avg Docs Retrieved": 20.0,
      "Cost Level": "Low",
      "Weighted Score": 0.7454144996588521
    },
    "most_faithful": {
      "Retriever": "Compression",
      "Faithfulness": 0.6743193577163247,
      "Answer Relevancy": 0.8888888888888888,
      "Context Precision": 0.9210526315789473,
      "Context Recall": 0.3941176470588236,
      "Answer Correctness": 0.5,
      "Avg Latency (s)": 68.28290700912476,
      "Avg Docs Retrieved": 19.5,
      "Cost Level": "High",
      "Weighted Score": 0.7038361173788577
    },
    "best_precision": {
      "Retriever": "Multi-Query",
      "Faithfulness": 0.5417308543601647,
      "Answer Relevancy": 0.746031746031746,
      "Context Precision": 1.0,
      "Context Recall": 0.8058823529411765,
      "Answer Correctness": 0.6470588235294117,
      "Avg Latency (s)": 14.95348596572876,
      "Avg Docs Retrieved": 45.5,
      "Cost Level": "Medium",
      "Weighted Score": 0.7478230030391542
    },
    "best_recall": {
      "Retriever": "Multi-Query",
      "Faithfulness": 0.5417308543601647,
      "Answer Relevancy": 0.746031746031746,
      "Context Precision": 1.0,
      "Context Recall": 0.8058823529411765,
      "Answer Correctness": 0.6470588235294117,
      "Avg Latency (s)": 14.95348596572876,
      "Avg Docs Retrieved": 45.5,
      "Cost Level": "Medium",
      "Weighted Score": 0.7478230030391542
    }
  },
  "detailed_results": [
    {
      "Retriever": "Multi-Query",
      "Faithfulness": 0.5417308543601647,
      "Answer Relevancy": 0.746031746031746,
      "Context Precision": 1.0,
      "Context Recall": 0.8058823529411765,
      "Answer Correctness": 0.6470588235294117,
      "Avg Latency (s)": 14.95348596572876,
      "Avg Docs Retrieved": 45.5,
      "Cost Level": "Medium",
      "Weighted Score": 0.7478230030391542
    },
    {
      "Retriever": "BM25",
      "Faithfulness": 0.5345244785607117,
      "Answer Relevancy": 0.873015873015873,
      "Context Precision": 1.0,
      "Context Recall": 0.7176470588235295,
      "Answer Correctness": 0.5,
      "Avg Latency (s)": 9.468610644340515,
      "Avg Docs Retrieved": 20.0,
      "Cost Level": "Low",
      "Weighted Score": 0.7454144996588521
    },
    {
      "Retriever": "Ensemble",
      "Faithfulness": 0.5264088008754249,
      "Answer Relevancy": 0.8174603174603174,
      "Context Precision": 0.9753086419753086,
      "Context Recall": 0.8058823529411765,
      "Answer Correctness": 0.5294117647058824,
      "Avg Latency (s)": 77.16508209705353,
      "Avg Docs Retrieved": 75.0,
      "Cost Level": "Medium",
      "Weighted Score": 0.745146655037821
    },
    {
      "Retriever": "Compression",
      "Faithfulness": 0.6743193577163247,
      "Answer Relevancy": 0.8888888888888888,
      "Context Precision": 0.9210526315789473,
      "Context Recall": 0.3941176470588236,
      "Answer Correctness": 0.5,
      "Avg Latency (s)": 68.28290700912476,
      "Avg Docs Retrieved": 19.5,
      "Cost Level": "High",
      "Weighted Score": 0.7038361173788577
    },
    {
      "Retriever": "Cohere Rerank",
      "Faithfulness": 0.6688346883468834,
      "Answer Relevancy": 0.7619047619047619,
      "Context Precision": 1.0,
      "Context Recall": 0.24705882352941178,
      "Answer Correctness": 0.6176470588235294,
      "Avg Latency (s)": 21.139155983924866,
      "Avg Docs Retrieved": 10.0,
      "Cost Level": "Medium",
      "Weighted Score": 0.6688613331511467
    }
  ],
  "test_questions": [
    "What are typical lease terms for oil and gas drilling in Texas?",
    "Show me Pioneer Natural Resources drilling activity in Midland County",
    "What's the market price for mineral rights in Oklahoma?",
    "How do drilling permits work in Texas?",
    "Compare lease offers between Texas and Oklahoma",
    "What formations are being targeted in Oklahoma drilling permits?",
    "What are the current trends in mineral rights transactions?",
    "How do royalty rates vary by formation in Texas?",
    "What are the environmental considerations for drilling permits?",
    "Show me recent drilling activity in the Permian Basin"
  ],
  "ground_truths": [
    "Lease terms typically include bonus payments ($500-$2000/acre), royalty rates (20-25%), primary term (3-5 years), and drilling commitments.",
    "Pioneer Natural Resources has active drilling operations in Midland County, Texas, targeting the Spraberry and Wolfcamp formations."
  ]
}